tag,params_M,trainable_M,val_top1,val_top5,train_top1,sec
base,1.182725,1.182725,0.2489851150202977,0.5818673883626523,0.23947010869565216,108.11394262313843
lr=5e-4,1.182725,1.182725,0.23410013531799728,0.5832205683355887,0.2758152173913043,107.06775236129761
lr=5e-3,1.182725,1.182725,0.20568335588633288,0.5250338294993234,0.22214673913043478,106.2576892375946
wide(64..512),4.706277,4.706277,0.2476319350473613,0.6116373477672531,0.28226902173913043,116.0821442604065
narrow(16..128),0.298773,0.298773,0.19350473612990526,0.543978349120433,0.20210597826086957,104.99725103378296
dropout=0.0,1.182725,1.182725,0.2692828146143437,0.6238159675236806,0.3070652173913043,107.46856045722961
dropout=0.5,1.182725,1.182725,0.22868741542625168,0.5751014884979703,0.22554347826086957,105.88996434211731
aug=basic,1.182725,1.182725,0.2543978349120433,0.6224627875507442,0.25985054347826086,113.34703874588013
aug=strong,1.182725,1.182725,0.16644113667117727,0.4803788903924222,0.15353260869565216,151.9042112827301
opt=sgd,1.182725,1.182725,0.2530446549391069,0.6102841677943166,0.29110054347826086,105.53328943252563
label_smooth=0.1,1.182725,1.182725,0.2571041948579161,0.6062246278755075,0.2788722826086957,107.23793530464172
